gene,depletion_pval,concentration_pval,p_combined,p_size,p_sens,p_final,sample_size,sens_score,is_signal_sim,q_bh
Gene_0,0.00021518299821577763,1e-15,1.9984014443252818e-15,0.011428446322702124,0.06976744086046516,0.008938731218675167,86.0,0.9302325581395349,1,0.1272794536557898
Gene_1,0.008897841658528605,1e-15,1.9984014443252818e-15,0.01574770346128951,0.12903225706451615,0.01625906425048118,62.0,0.8709677419354839,1,0.1272794536557898
Gene_2,0.024454100970548,1e-15,1.9984014443252818e-15,0.016259801418797126,0.16666666566666666,0.02079673014962058,60.00000000000001,0.8333333333333334,1,0.1272794536557898
Gene_3,0.07663202129914383,2.3014124744348445e-11,4.6028292288724515e-11,0.03389500347440355,0.17857142757142863,0.02308700545230946,28.0,0.8214285714285714,1,0.1272794536557898
Gene_4,0.022584060493446984,1e-15,1.9984014443252818e-15,0.027395522883651657,0.14285714185714293,0.01848915129044859,35.0,0.8571428571428571,1,0.1272794536557898
Gene_5,0.039805984292819376,1e-15,1.9984014443252818e-15,0.011975903904541174,0.15853658436585372,0.019611793605733174,82.0,0.8414634146341463,1,0.1272794536557898
Gene_6,0.0023177052357786373,1e-15,1.9984014443252818e-15,0.015999655922869782,0.11475409736065578,0.01455945832298311,61.0,0.8852459016393442,1,0.1272794536557898
Gene_7,0.006241050614993793,1e-15,1.9984014443252818e-15,0.021051845775030165,0.1521739120434783,0.01929424048360695,46.0,0.8478260869565217,1,0.1272794536557898
Gene_8,0.10175495233681552,4.3257527148833504e-11,8.651507288348625e-11,0.027395522883651657,0.14285714185714293,0.01848915137536211,35.0,0.8571428571428571,1,0.1272794536557898
Gene_9,0.043788376461731,1.1521182364639432e-13,2.3042678876095124e-13,0.02597254657969872,0.1621621611621622,0.02073281608296451,37.0,0.8378378378378378,1,0.1272794536557898
Gene_10,0.008378395594764271,1e-15,1.9984014443252818e-15,0.03508405562762995,0.11111111011111119,0.015064146624508834,27.0,0.8888888888888888,1,0.1272794536557898
Gene_11,0.0007407864510173149,1e-15,1.9984014443252818e-15,0.02298748163261033,0.09523809423809526,0.012564809686551826,42.0,0.9047619047619048,1,0.1272794536557898
Gene_12,1.3969364345647038e-05,1e-15,1.9984014443252818e-15,0.0111730674675794,0.056818180818181796,0.007373026071356814,88.0,0.9431818181818182,1,0.1272794536557898
Gene_13,6.0502658795327384e-05,1e-15,1.9984014443252818e-15,0.015999655922869782,0.06557376949180327,0.008662540188665191,61.0,0.9344262295081968,1,0.1272794536557898
Gene_14,0.039701332995990574,1e-15,1.9984014443252818e-15,0.012269783764389475,0.17499999900000007,0.021600605795342398,80.0,0.825,1,0.1272794536557898
Gene_15,0.02722262288035187,1e-15,1.9984014443252818e-15,0.013244838192804309,0.13513513413513512,0.01686771894794381,74.0,0.8648648648648649,1,0.1272794536557898
Gene_16,0.032581056520549476,1e-15,1.9984014443252818e-15,0.011299314123332849,0.1494252863563219,0.018485869649436215,87.0,0.8505747126436781,1,0.1272794536557898
Gene_17,0.00029835823999684193,1e-15,1.9984014443252818e-15,0.025315086291847866,0.0526315779473685,0.007573549430654136,38.0,0.9473684210526315,1,0.1272794536557898
Gene_18,0.32361694754894993,3.869252526944948e-06,7.738446845484415e-06,0.018691039471916415,0.17307692207692316,0.021691943340813258,52.0,0.8269230769230769,1,0.1272794536557898
Gene_19,0.011864280085734726,1e-15,1.9984014443252818e-15,0.021977127515399486,0.11363636263636367,0.014720235487143407,44.0,0.8863636363636364,1,0.1272794536557898
Gene_20,0.13064964173688362,1e-15,1.9984014443252818e-15,0.0116957723226081,0.1904761894761905,0.023428564756405312,84.0,0.8095238095238095,1,0.1272794536557898
Gene_21,0.026371792767654695,1.2381830137169222e-13,2.4763524564264117e-13,0.03076676552365587,0.19354838609677427,0.024728415461162,31.0,0.8064516129032258,1,0.1272794536557898
Gene_22,0.02289848340096509,1e-15,1.9984014443252818e-15,0.012578449454450746,0.12820512720512822,0.016003862007065828,78.0,0.8717948717948718,1,0.1272794536557898
Gene_23,0.0017686262934474175,1e-15,1.9984014443252818e-15,0.023528313347756735,0.17073170631707324,0.021640118250930818,41.0,0.8292682926829268,1,0.1272794536557898
Gene_24,0.003850606928792888,1e-15,1.9984014443252818e-15,0.02020132614629566,0.16666666566666666,0.02098986486129173,48.0,0.8333333333333334,1,0.1272794536557898
Gene_25,0.0010375908239158899,1e-15,1.9984014443252818e-15,0.017390862172057986,0.10714285614285712,0.013715506005884337,56.0,0.8928571428571429,1,0.1272794536557898
Gene_26,0.008837351053407319,1e-15,1.9984014443252818e-15,0.03773128563674277,0.07999999899999999,0.011468453144959811,25.0,0.92,1,0.1272794536557898
Gene_27,0.14393120764790637,1e-15,1.9984014443252818e-15,0.013605230870246343,0.19444444344444445,0.023997721987580545,72.0,0.8055555555555556,1,0.1272794536557898
Gene_28,0.09843188891192538,1e-15,1.9984014443252818e-15,0.023528313347756735,0.19512195021951217,0.02456350435141652,41.0,0.8048780487804879,1,0.1272794536557898
Gene_29,0.0006993596681649225,1e-15,1.9984014443252818e-15,0.02597254657969872,0.10810810710810814,0.014254753124874786,37.0,0.8918918918918919,1,0.1272794536557898
Gene_30,0.02420357163248739,1.4419216368313647e-12,2.8838598176150754e-12,0.03076676552365587,0.09677419254838715,0.01313337681148996,31.0,0.9032258064516129,1,0.1272794536557898
Gene_31,0.019739493004728617,1e-15,1.9984014443252818e-15,0.024690087971667385,0.15384615284615388,0.019673251889836596,39.0,0.8461538461538461,1,0.1272794536557898
Gene_32,0.0050212960688170915,1e-15,1.9984014443252818e-15,0.01652854617838251,0.11864406679661021,0.015051949240893259,59.0,0.8813559322033898,1,0.1272794536557898
Gene_33,0.002264768451146061,1e-15,1.9984014443252818e-15,0.021504538555042196,0.11111111011111119,0.014394223782179694,45.0,0.8888888888888888,1,0.1272794536557898
Gene_34,0.05589051389022991,1e-15,1.9984014443252818e-15,0.012269783764389475,0.162499999,0.02010152602912474,80.0,0.8375,1,0.1272794536557898
Gene_35,0.00165869929146597,1e-15,1.9984014443252818e-15,0.014814541837353312,0.13636363536363638,0.01709224234681883,66.0,0.8636363636363636,1,0.1272794536557898
Gene_36,0.1296247529158237,1e-15,1.9984014443252818e-15,0.018691039471916415,0.2115384605384616,0.026295443995918655,52.0,0.7884615384615384,1,0.13338268693581928
Gene_37,0.06765161001302594,1e-15,1.9984014443252818e-15,0.017390862172057986,0.17857142757142863,0.022279481350667707,56.0,0.8214285714285714,1,0.1272794536557898
Gene_38,0.00013129040364914874,1e-15,1.9984014443252818e-15,0.021051845775030165,0.06521739030434781,0.008870441446620081,46.0,0.9347826086956522,1,0.1272794536557898
Gene_39,0.09178830049906303,8.413381401611e-08,1.6826747817333398e-07,0.03076676552365587,0.19354838609677427,0.02472857956741059,31.0,0.8064516129032258,1,0.1272794536557898
Gene_40,0.3021797230541522,1.0613593881599621e-07,2.1227182689376178e-07,0.023528313347756735,0.19512195021951217,0.02456371140910152,41.0,0.8048780487804879,1,0.1272794536557898
Gene_41,0.013792687572994226,1e-15,1.9984014443252818e-15,0.021051845775030165,0.1739130424782609,0.021900190242853723,46.0,0.8260869565217391,1,0.1272794536557898
Gene_42,0.0008179819149709105,1e-15,1.9984014443252818e-15,0.021051845775030165,0.1739130424782609,0.021900190242853723,46.0,0.8260869565217391,1,0.1272794536557898
Gene_43,0.0021545877119141022,1e-15,1.9984014443252818e-15,0.019801326693244747,0.10204081532653064,0.013222840912725964,49.0,0.8979591836734694,1,0.1272794536557898
Gene_44,0.00025198645242020557,1e-15,1.9984014443252818e-15,0.011299314123332849,0.10344827486206898,0.012971745322297723,87.0,0.896551724137931,1,0.1272794536557898
Gene_45,0.09863736221986825,1e-15,1.9984014443252818e-15,0.014814541837353312,0.15151515051515152,0.01890907738847003,66.0,0.8484848484848485,1,0.1272794536557898
Gene_46,0.005713999454762714,1e-15,1.9984014443252818e-15,0.013792883256083743,0.12676056238028177,0.01589042128660967,71.00000000000001,0.8732394366197183,1,0.1272794536557898
Gene_47,0.0016516364980141438,1e-15,1.9984014443252818e-15,0.013244838192804309,0.10810810710810814,0.013626623516299285,74.0,0.8918918918918919,1,0.1272794536557898
Gene_48,0.03851643752076268,1e-15,1.9984014443252818e-15,0.013985784402998025,0.1714285704285714,0.021256332293421276,70.0,0.8285714285714286,1,0.1272794536557898
Gene_49,0.04271894666718788,1e-15,1.9984014443252818e-15,0.014598278978346202,0.164179103477612,0.02041702597210282,67.0,0.835820895522388,1,0.1272794536557898
Gene_50,0.18257439687684301,1e-15,1.9984014443252818e-15,0.015266876750508418,0.21874999900000003,0.02699330594188387,64.0,0.78125,1,0.13496652970941936
Gene_51,0.10899345971599146,1e-15,1.9984014443252818e-15,0.012269783764389475,0.17499999900000007,0.021600605795342398,80.0,0.825,1,0.1272794536557898
Gene_52,0.006179603936178734,1e-15,1.9984014443252818e-15,0.02020132614629566,0.1458333323333334,0.018492390027060046,48.0,0.8541666666666666,1,0.1272794536557898
Gene_53,0.016439262520136607,1e-15,1.9984014443252818e-15,0.026665065180747294,0.11111111011111119,0.014648809762412118,36.0,0.8888888888888888,1,0.1272794536557898
Gene_54,0.07839320541341793,2.2622859109704604e-13,4.5236037138352003e-13,0.022470953747007916,0.1627906966744186,0.020636482915431076,43.0,0.8372093023255814,1,0.1272794536557898
Gene_55,0.015009854351370205,1e-15,1.9984014443252818e-15,0.011428446322702124,0.11627906876744187,0.01451693723365477,86.0,0.8837209302325582,1,0.1272794536557898
Gene_56,0.13240874476438966,2.016119392002403e-10,4.0322395422620616e-10,0.023528313347756735,0.17073170631707324,0.02164011864542692,41.0,0.8292682926829268,1,0.1272794536557898
Gene_57,0.00012990294229778702,1e-15,1.9984014443252818e-15,0.02597254657969872,0.10810810710810814,0.014254753124874786,37.0,0.8918918918918919,1,0.1272794536557898
Gene_58,0.0166458214770897,1e-15,1.9984014443252818e-15,0.019801326693244747,0.14285714185714293,0.01811595079190309,49.0,0.8571428571428571,1,0.1272794536557898
Gene_59,0.002629936746207518,1e-15,1.9984014443252818e-15,0.025315086291847866,0.10526315689473686,0.01388134466656199,38.0,0.8947368421052632,1,0.1272794536557898
Gene_60,0.030416524038597105,1e-15,1.9984014443252818e-15,0.019801326693244747,0.1836734683877551,0.023009060671080328,49.0,0.8163265306122449,1,0.1272794536557898
Gene_61,9.526410738267368e-05,1e-15,1.9984014443252818e-15,0.0116957723226081,0.0833333323333334,0.010578940610041276,84.0,0.9166666666666666,1,0.1272794536557898
Gene_62,0.00013396623964318698,1e-15,1.9984014443252818e-15,0.012269783764389475,0.06249999900000003,0.008108887899383466,80.0,0.9375,1,0.1272794536557898
Gene_63,0.00474828760960392,1e-15,1.9984014443252818e-15,0.02298748163261033,0.1190476180476191,0.015418668617747211,42.0,0.8809523809523809,1,0.1272794536557898
Gene_64,0.0016136348814277171,1e-15,1.9984014443252818e-15,0.024690087971667385,0.10256410156410256,0.013527002686135603,39.0,0.8974358974358975,1,0.1272794536557898
Gene_65,0.0011021458994363792,1e-15,1.9984014443252818e-15,0.011299314123332849,0.09195402198850577,0.011593214240513183,87.0,0.9080459770114943,1,0.1272794536557898
Gene_66,0.022637190775585393,1e-15,1.9984014443252818e-15,0.017698648900262293,0.16363636263636372,0.020503919106200974,55.0,0.8363636363636363,1,0.1272794536557898
Gene_67,0.0054239687754771785,1e-15,1.9984014443252818e-15,0.02597254657969872,0.13513513413513512,0.017493784603807794,37.0,0.8648648648648649,1,0.1272794536557898
Gene_68,0.08419310734867343,7.88181411084865e-08,1.5763613814279154e-07,0.027395522883651657,0.1714285704285714,0.021913180525519826,35.0,0.8285714285714286,1,0.1272794536557898
Gene_69,0.006867003060953226,1e-15,1.9984014443252818e-15,0.017698648900262293,0.12727272627272734,0.016144144265961113,55.0,0.8727272727272727,1,0.1272794536557898
Gene_70,0.09186601195583043,0.8753645166599398,0.3593474826653904,0.014184157647595397,0.6956521729130434,0.41324446753926347,69.0,0.30434782608695654,0,0.6207534920117691
Gene_71,0.6773004592352675,0.5341856607509244,0.6114845038757943,0.03389500347440355,0.24999999900000003,0.6237786523163906,28.0,0.75,0,0.8165109689974485
Gene_72,0.004956690597933692,0.8284533174604921,0.010175815060088134,0.011428446322702124,0.5232558129534883,0.07285765881949924,86.0,0.47674418604651164,0,0.23430607656543911
Gene_73,0.9596519957433893,0.18414564737851336,0.9023779562375024,0.011299314123332849,0.3333333323333334,0.9063357849589103,87.0,0.6666666666666666,0,0.9966666666666659
Gene_74,0.23462913117243409,0.5387887589930238,0.3550890737508755,0.021051845775030165,0.30434782508695657,0.37929637856339204,46.0,0.6956521739130435,0,0.584818204833424
Gene_75,0.9818180890441583,0.763161186790908,0.9658571765782056,0.0116957723226081,0.3571428561428571,0.9673395510694562,84.0,0.6428571428571429,0,0.9966666666666659
Gene_76,0.1554148993482246,0.6094873500286664,0.29268339429639834,0.0116957723226081,0.3690476180476191,0.32440272808936,84.0,0.6309523809523809,0,0.5206838425789136
Gene_77,0.3522269836949671,0.3814953904559169,0.36656170648881936,0.024690087971667385,0.3333333323333334,0.3926499412185357,39.0,0.6666666666666666,0,0.5961756517021455
Gene_78,0.32771000762405,0.5745082747151196,0.44289436714010183,0.018691039471916415,0.673076922076923,0.488369952636292,52.0,0.3269230769230769,0,0.6911568064346505
Gene_79,0.015635363200620214,0.5378747374516096,0.031378874179810445,0.01652854617838251,0.6949152532372881,0.11288576738488465,59.0,0.3050847457627119,0,0.2743751290604835
Gene_80,0.00041924750395822214,0.7712056967677102,0.0008397577355810926,0.026665065180747294,0.49999999900000003,0.06204157778204844,36.0,0.5,0,0.22898706017851056
Gene_81,0.04338842686435414,0.19953805666363222,0.07215437653818257,0.018348104315340175,0.41509433862264156,0.11918040288746956,53.0,0.5849056603773585,0,0.28376286401778467
Gene_82,0.33238204869748234,0.10082684034624516,0.16021997231646123,0.027395522883651657,0.3428571418571429,0.19587390550784378,35.0,0.6571428571428571,0,0.3581999208717083
Gene_83,0.7612829670988117,0.7048486952953952,0.7353260537985096,0.015037308474767586,0.39999999900000005,0.7482198504120992,65.0,0.6,0,0.9136197984682662
Gene_84,0.18709980373452992,0.0776983978763193,0.11072556089364843,0.0327838995179941,0.20689655072413793,0.13422560175015752,29.0,0.7931034482758621,0,0.29733519375034895
Gene_85,0.11961753111248528,0.8595753685352079,0.4345949620147035,0.015503562994591547,0.4920634910634921,0.4683931929094858,63.0,0.5079365079365079,0,0.672422976071167
Gene_86,0.1969271490346842,0.5599437401113325,0.32633142866076953,0.018017526141772544,0.38888888788888887,0.35834786566802757,54.0,0.6111111111111112,0,0.559918540106293
Gene_87,0.9997166011805466,0.8366047065744145,0.9994340965688959,0.011975903904541174,0.426829267292683,0.9964812278067479,82.0,0.573170731707317,0,0.9966666666666659
Gene_88,0.999999999999999,0.0009608514821313908,0.999999999999998,0.0111730674675794,0.2613636353636364,0.996666666666666,88.0,0.7386363636363636,0,0.9966666666666659
Gene_89,0.012980530045025392,0.4030966068433536,0.02559138927226068,0.013792883256083743,0.5633802806901409,0.09209346541503449,71.00000000000001,0.43661971830985913,0,0.24316598932350983
Gene_90,0.9999616515615529,0.9380962713749987,0.9999233500076067,0.014388239179285889,0.30882352841176475,0.9966419598861116,68.0,0.6911764705882353,0,0.9966666666666659
Gene_91,0.31819544475867934,0.1913189582599656,0.24216070033004394,0.012578449454450746,0.3333333323333334,0.27293182950558237,78.0,0.6666666666666666,0,0.4637191278007467
Gene_92,0.03849934442129069,0.8371316258508519,0.09575319824914774,0.028167124967018897,0.47058823429411767,0.14801813319249113,34.0,0.5294117647058824,0,0.31021764441540056
Gene_93,0.5765263995134098,0.609036100729094,0.5930307271191935,0.022470953747007916,0.30232558039534885,0.6082358545174749,43.0,0.6976744186046512,0,0.8094393501183126
Gene_94,0.14869532594733603,0.00012497727619113395,0.0002497600890307705,0.021977127515399486,0.22727272627272732,0.028584296203196358,44.0,0.7727272727272727,0,0.13704799549477706
Gene_95,0.8950894740159645,0.5536111545153143,0.8173136611574228,0.016259801418797126,0.26666666566666675,0.8233033934483096,60.00000000000001,0.7333333333333333,0,0.9480038265807886
Gene_96,0.9652729135193109,0.5456101508822466,0.9323892457161683,0.01156056413789841,0.2941176460588235,0.9348132092203287,85.0,0.7058823529411765,0,0.9966666666666659
Gene_97,0.9287881114959033,0.046621774152327544,0.22222093861141518,0.011428446322702124,0.33720930132558147,0.2541203146604173,86.0,0.6627906976744186,0,0.44249806035396044
Gene_98,0.9613696031597723,0.7540097984445363,0.9320407768046586,0.015037308474767586,0.2923076913076923,0.9344738811339135,65.0,0.7076923076923077,0,0.9966666666666659
Gene_99,0.06778097331382969,0.6336643657125756,0.1420986828424355,0.01941685967589135,0.479999999,0.19229871176387947,50.0,0.52,0,0.35629703047142625
Gene_100,0.999999999999999,0.3551254288539958,0.999999999999998,0.017093597271033878,0.2456140340877193,0.996666666666666,57.0,0.7543859649122807,0,0.9966666666666659
Gene_101,0.25346758733594765,0.7196427598752125,0.4756866396402015,0.016259801418797126,0.2166666656666667,0.48973396570226657,60.00000000000001,0.7833333333333333,0,0.6911568064346505
Gene_102,0.1076296163952195,0.8416034251077341,0.35203722147992156,0.02597254657969872,0.5405405395405405,0.3948541203106869,37.0,0.4594594594594595,0,0.5961756517021455
Gene_103,0.452946014873543,0.6739443166115733,0.5718596306906633,0.011299314123332849,0.42528735532183914,0.593939093104408,87.0,0.5747126436781609,0,0.7995333945636262
Gene_104,0.0001293222463944656,0.578853766828907,0.00025867103018906157,0.01212106281063352,0.5061728385061728,0.06155279355873722,81.0,0.49382716049382713,0,0.22898706017851056
Gene_105,0.0027389975122052656,0.0024088550618809124,0.002563340156241267,0.02298748163261033,0.2857142847142857,0.03786829012154003,42.0,0.7142857142857143,0,0.16935900059191322
Gene_106,0.9940543184638033,0.8240157047171821,0.9884617738427193,0.014184157647595397,0.536231883057971,0.9892118900540744,69.0,0.463768115942029,0,0.9966666666666659
Gene_107,0.025186341913036512,0.052727257495131456,0.034107868430841126,0.03076676552365587,0.16129032158064516,0.054259664817559394,31.0,0.8387096774193549,0,0.22082421728076498
Gene_108,0.05314832772841162,0.4397440340032957,0.10046482984738209,0.015266876750508418,0.39062499900000003,0.1432850085334738,64.0,0.609375,0,0.30585080973944473
Gene_109,0.829047748228861,0.7660280828847092,0.8017895128403026,0.01652854617838251,0.3728813549322034,0.8108150691520486,59.0,0.6271186440677966,0,0.9480038265807886
Gene_110,0.0345241549109375,0.28789988679826917,0.0630168977486375,0.01212106281063352,0.5432098755432099,0.12462516006324653,81.0,0.4567901234567901,0,0.28761087236109145
Gene_111,0.36105594323236806,0.08058816904440318,0.13768818533232513,0.017698648900262293,0.3636363626363637,0.17604612647175455,55.0,0.6363636363636364,0,0.3423119125839672
Gene_112,0.028586073253430416,0.4982725791087961,0.05669122557588274,0.0111730674675794,0.5113636353636364,0.11507072713369393,88.0,0.48863636363636365,0,0.27585448285474573
Gene_113,0.5272661701606118,0.8298652774962851,0.7310631952268879,0.017390862172057986,0.42857142757142863,0.7451160563321743,56.0,0.5714285714285714,0,0.9136197984682662
Gene_114,0.40151877078473697,0.7273312098354907,0.5850053066471774,0.016806323737281748,0.29310344727586213,0.5999381328704113,58.0,0.7068965517241379,0,0.8017015660836003
Gene_115,0.05376429062979448,0.7235382384972536,0.12072738729639804,0.027395522883651657,0.39999999900000005,0.16407906773075975,35.0,0.6,0,0.32445013393088085
Gene_116,0.41318006735592583,0.051527398956947676,0.09636654886578999,0.011975903904541174,0.39024390143902443,0.13919879453473183,82.0,0.6097560975609756,0,0.3025537718314631
Gene_117,0.0633076168735302,0.17282103770549084,0.09340776438179782,0.021504538555042196,0.31111111011111114,0.12819227453808646,45.0,0.6888888888888889,0,0.28761087236109145
Gene_118,0.6228795662685807,0.44867111428445566,0.538605768577183,0.014388239179285889,0.32352941076470587,0.5568377667715416,68.0,0.6764705882352942,0,0.7583393710896481
Gene_119,0.9269408931383526,0.8613012163624659,0.9039830789432401,0.016806323737281748,0.32758620589655174,0.907835050042343,58.0,0.6724137931034483,0,0.9966666666666659
Gene_120,0.10494308732165193,0.7732234112700704,0.2698633861390602,0.0327838995179941,0.5517241369310344,0.3193210627682044,29.0,0.4482758620689655,0,0.5174183887447756
Gene_121,0.30231524433298135,0.1450165854951487,0.19979625093906522,0.028167124967018897,0.2941176460588235,0.22912593257350766,34.0,0.7058823529411765,0,0.40643155842905176
Gene_122,0.12245179598603534,0.021072270648963096,0.03611164807076411,0.017698648900262293,0.3272727262727273,0.07478564970106505,55.0,0.6727272727272727,0,0.23430607656543911
Gene_123,0.999999999999999,0.27503244569627844,0.999999999999998,0.012738680131672453,0.3376623366623377,0.996666666666666,77.0,0.6623376623376623,0,0.9966666666666659
Gene_124,0.007255979588222467,0.23093293241177637,0.014141370649307206,0.018017526141772544,0.6481481471481481,0.09163832330893817,54.0,0.35185185185185186,0,0.24316598932350983
Gene_125,0.008039840869753682,0.8683007681598643,0.017048618511782465,0.015999655922869782,0.5737704908032787,0.08545944056614951,61.0,0.4262295081967213,0,0.2373873349059709
Gene_126,0.9716179606405041,0.8431680718168327,0.9515866448731143,0.0111730674675794,0.3636363626363637,0.9537250937191488,88.0,0.6363636363636364,0,0.9966666666666659
Gene_127,0.976698066492876,0.8534865474420327,0.9595477533575063,0.018691039471916415,0.2692307682307693,0.9608912554337876,52.0,0.7307692307692307,0,0.9966666666666659
Gene_128,0.9505381554595874,0.7718812055569226,0.9173788623316261,0.011975903904541174,0.34146341363414634,0.920811759764593,82.0,0.6585365853658537,0,0.9966666666666659
Gene_129,0.8098711475549196,0.7899082891494956,0.8003204853319303,0.02061781866875989,0.6170212755957447,0.815295872698545,47.0,0.3829787234042553,0,0.9480038265807886
Gene_130,0.9578360770334067,0.06599505446957146,0.7999143532428958,0.011049610706077684,0.3146067405730337,0.8075745185227226,88.99999999999999,0.6853932584269663,0,0.9480038265807886
Gene_131,0.021615750733524678,0.23641667972952807,0.04009833003898827,0.013071708065727106,0.5066666656666666,0.09904958461220092,75.0,0.49333333333333335,0,0.24940542887964262
Gene_132,0.2584078576017386,0.07897727773195858,0.12344655403260962,0.014184157647595397,0.31884057871014493,0.15758212440469122,69.0,0.6811594202898551,0,0.3183664821166526
Gene_133,0.002256791396063406,0.10819124528434865,0.0044246530182362465,0.019047037639797315,0.5294117637058824,0.0685608724625073,51.00000000000001,0.47058823529411764,0,0.23430607656543911
Gene_134,0.4311782745703503,0.3083576077193438,0.3645010065009263,0.011834180588984777,0.3975903604457831,0.39517928912827927,83.0,0.6024096385542169,0,0.5961756517021455
Gene_135,0.5150376177741032,0.05790839416172421,0.1131230765565911,0.011428446322702124,0.27906976644186055,0.14331295084933982,86.0,0.7209302325581395,0,0.30585080973944473
Gene_136,0.004412743228336714,0.22545202220250082,0.008683314487396399,0.03076676552365587,0.5483870957741935,0.07534297471903428,31.0,0.45161290322580644,0,0.23430607656543911
Gene_137,0.7016539832593671,0.12343564578502172,0.27449431608656905,0.012269783764389475,0.287499999,0.2999539963863368,80.0,0.7125,0,0.49372719439795976
Gene_138,0.9749609371741201,0.9332349878195205,0.9635388548905651,0.019801326693244747,0.3673469377755102,0.96518062934256,49.0,0.6326530612244898,0,0.9966666666666659
Gene_139,0.14272126002806457,0.3207364812181054,0.20236603965295957,0.014598278978346202,0.5970149243731343,0.26005045908016966,67.0,0.40298507462686567,0,0.44616500332382053
Gene_140,0.0010114779165625982,0.4764012371866173,0.0020224580848679508,0.021977127515399486,0.5681818171818181,0.07108824476348219,44.0,0.4318181818181818,0,0.23430607656543911
Gene_141,0.15676023624718166,0.026998315759509985,0.046391791333152965,0.015503562994591547,0.4603174593174604,0.09976567561829863,63.0,0.5396825396825397,0,0.24941418904574658
Gene_142,0.014520636247440958,0.045321250462531194,0.022007047933149892,0.021977127515399486,0.29545454445454544,0.0577179151092696,44.0,0.7045454545454546,0,0.22898706017851056
Gene_143,0.8030088979395902,0.03787792875300687,0.08907140776605132,0.013071708065727106,0.3466666656666667,0.12753663934840087,75.0,0.6533333333333333,0,0.28761087236109145
Gene_144,0.35341590069771106,0.8844797405300021,0.7605607963342208,0.018017526141772544,0.3703703693703704,0.7714086569026495,54.0,0.6296296296296297,0,0.9246336640956415
Gene_145,0.009864953905018016,0.4164104547621552,0.019548498884102594,0.03773128563674277,0.599999999,0.09185751432478417,25.0,0.4,0,0.24316598932350983
Gene_146,0.004898654203295548,0.878750157599592,0.010186204542221855,0.03389500347440355,0.46428571328571433,0.0669170001338526,28.0,0.5357142857142857,0,0.23430607656543911
Gene_147,0.10604324317071652,0.01191423612728118,0.02147904476010093,0.028983448207562823,0.3333333323333334,0.06198120660090278,33.0,0.6666666666666666,0,0.22898706017851056
Gene_148,0.2579615018129475,0.8687305736885476,0.6873090862417145,0.014388239179285889,0.41176470488235295,0.7029735342898236,68.0,0.5882352941176471,0,0.8776039132452018
Gene_149,0.024541180568649155,0.7541879062496584,0.05292326186438273,0.022470953747007916,0.372093022255814,0.09622791256771224,43.0,0.627906976744186,0,0.24583773283722107
Gene_150,0.10034915374597317,0.00025459745846148917,0.0005079488473272997,0.028983448207562823,0.27272727172727274,0.03461963060932016,33.0,0.7272727272727273,0,0.16155827617682741
Gene_151,0.39039113882913745,0.5876451592058388,0.48789205746468894,0.027395522883651657,0.25714285614285715,0.5043740731272734,35.0,0.7428571428571429,0,0.7089595405403442
Gene_152,0.9781708595994169,0.4433958429122231,0.9560088417700658,0.014388239179285889,0.4411764695882353,0.9583677577311779,68.0,0.5588235294117647,0,0.9966666666666659
Gene_153,0.0038857587915568027,0.9076893952800629,0.008101661805810845,0.014598278978346202,0.6119402975074626,0.08161040453453128,67.0,0.3880597014925373,0,0.23430607656543911
Gene_154,0.0016239376932518838,0.6207286903581573,0.003254408123906205,0.01574770346128951,0.5161290312580644,0.06572454286015161,62.0,0.4838709677419355,0,0.23430607656543911
Gene_155,0.990077259015202,0.9167282487797204,0.9822374615692164,0.021977127515399486,0.4545454535454546,0.9832247811339925,44.0,0.5454545454545454,0,0.9966666666666659
Gene_156,0.055670625612550484,0.5972288492285593,0.11399139656178886,0.012738680131672453,0.42857142757142863,0.1600928595786596,77.0,0.5714285714285714,0,0.3183664821166526
Gene_157,0.012455080614622596,0.2833771824031578,0.024111043536133803,0.02020132614629566,0.47916666566666666,0.08115369249853266,48.0,0.5208333333333334,0,0.23430607656543911
Gene_158,0.08223693839373811,0.014912210228777865,0.025295704024566823,0.014184157647595397,0.3768115932028986,0.07002930010024866,69.0,0.6231884057971014,0,0.23430607656543911
Gene_159,0.39057840146479816,0.8346942878408896,0.6934699799086629,0.011049610706077684,0.6292134821460673,0.7167712833195781,88.99999999999999,0.3707865168539326,0,0.8871604653836145
Gene_160,0.8448227682734221,0.6606665100744031,0.7813529945316479,0.028983448207562823,0.3636363626363637,0.7911969854556575,33.0,0.6363636363636364,0,0.9419011731614971
Gene_161,0.3178296174488656,0.6911277211901306,0.5064552974104798,0.024095205457607793,0.37499999900000003,0.529232654881149,40.0,0.625,0,0.7321400363968464
Gene_162,0.45694092858403257,0.038746670985653334,0.07517347437790356,0.011428446322702124,0.29069767341860464,0.10794489633251925,86.0,0.7093023255813954,0,0.26420079521945267
Gene_163,0.5202082777913152,0.8193508589245008,0.7178808839104729,0.021051845775030165,0.21739130334782608,0.7255297227092835,46.0,0.782608695652174,0,0.8941387427755254
Gene_164,0.9894411643790857,0.836059966492744,0.9800706499344244,0.018017526141772544,0.3333333323333334,0.9808850596587761,54.0,0.6666666666666666,0,0.9966666666666659
Gene_165,0.33866272904563766,0.13504017031492074,0.19909714758019076,0.016259801418797126,0.2166666656666667,0.22055481843614344,60.00000000000001,0.7833333333333333,0,0.3958676228341036
Gene_166,0.18615137727324943,0.6319503662386808,0.343581075266565,0.02298748163261033,0.49999999900000003,0.38367541331674493,42.0,0.5,0,0.5889754151792137
Gene_167,0.20848139549020228,0.9306021893668444,0.8227214334190336,0.015999655922869782,0.5573770481803278,0.8347110880676016,61.0,0.4426229508196721,0,0.9516250189695785
Gene_168,0.18329158138935597,0.581073712482846,0.318787378505741,0.031743322856089495,0.3333333323333334,0.347073832988427,30.000000000000004,0.6666666666666666,0,0.5471884754322046
Gene_169,0.18200420396583047,0.4264169083225843,0.26767147226074306,0.01941685967589135,0.359999999,0.2999883264205121,50.0,0.64,0,0.49372719439795976
Gene_170,0.04593606204653636,0.8064433662512644,0.11205660471498258,0.02298748163261033,0.6428571418571428,0.1814969438368591,42.0,0.35714285714285715,0,0.3474209689251012
Gene_171,0.08728803000564865,0.8260932433428829,0.2573014873054984,0.011299314123332849,0.7126436771609195,0.3211987314230812,87.0,0.28735632183908044,0,0.5180624700372277
Gene_172,0.0009078139739608651,0.7614770813832709,0.001821195830486677,0.01156056413789841,0.5882352931176471,0.07281712382676864,85.0,0.4117647058823529,0,0.23430607656543911
Gene_173,0.0008204404302099137,0.7308690874316341,0.0016446277112438512,0.012738680131672453,0.5584415574415584,0.06914067702340287,77.0,0.44155844155844154,0,0.23430607656543911
Gene_174,0.7306306030911434,0.4907051978802528,0.6287188694332958,0.019047037639797315,0.31372548919607846,0.6430367906005381,51.00000000000001,0.6862745098039216,0,0.8315662189699004
Gene_175,0.0106588227971365,0.7960079826775763,0.02229189089381406,0.0327838995179941,0.5862068955517241,0.09255851492692535,29.0,0.41379310344827586,0,0.24316598932350983
Gene_176,0.6387025181185397,0.7313086724290206,0.6894930344754362,0.013071708065727106,0.39999999900000005,0.7045905703482906,75.0,0.6,0,0.8776039132452018
Gene_177,0.009099560432523643,0.18569745487538358,0.017430705393982893,0.014814541837353312,0.49999999900000003,0.07706900970690578,66.0,0.5,0,0.23430607656543911
Gene_178,0.13242223325486582,0.8626105218405835,0.4853203578416101,0.031743322856089495,0.39999999900000005,0.5108026523650575,30.000000000000004,0.6,0,0.7151237133110806
Gene_179,0.11610714404140543,0.8516575726587485,0.4027626772837121,0.031743322856089495,0.5666666656666666,0.4442582718043666,30.000000000000004,0.43333333333333335,0,0.653320987947598
Gene_180,0.5326616488969662,0.7153947227053687,0.6354129827844107,0.024690087971667385,0.5128205118205128,0.6582714936595438,39.0,0.48717948717948717,0,0.8439378123840305
Gene_181,0.3149473149842006,0.5153804415864595,0.40594925787133385,0.03508405562762995,0.2962962952962963,0.42807609550125814,27.0,0.7037037037037037,0,0.6375601422359164
Gene_182,0.3713326460111705,0.34484951922397106,0.35782752490874814,0.022470953747007916,0.34883720830232556,0.38540047192047466,43.0,0.6511627906976745,0,0.5890400225858783
Gene_183,0.030828260601921634,0.41202830203667307,0.059488984242699106,0.021977127515399486,0.4772727262727273,0.11432891096662023,44.0,0.5227272727272727,0,0.27585448285474573
Gene_184,0.11464353667917439,0.09856822741620498,0.10602245698387608,0.03635955569871374,0.2692307682307693,0.13647753210677693,26.0,0.7307692307692307,0,0.29854460148357453
Gene_185,0.9934622740904138,0.9218813654264684,0.9879197417328964,0.012269783764389475,0.49999999900000003,0.9886515236688413,80.0,0.5,0,0.9966666666666659
Gene_186,0.27721815741697636,1.2494897157778904e-05,2.4988968249373134e-05,0.019801326693244747,0.2244897949183674,0.027926462272050756,49.0,0.7755102040816326,0,0.1370258434369053
Gene_187,0.3201647192780859,0.4558308819113851,0.38252618013292206,0.011049610706077684,0.4382022461910112,0.41531879346214995,88.99999999999999,0.5617977528089888,0,0.6212033235544978
Gene_188,0.011520267888698558,0.8958383718280354,0.025746719467635182,0.013985784402998025,0.5857142847142857,0.09485620729501731,70.0,0.4142857142857143,0,0.24411523936217688
Gene_189,0.1886821506340043,0.04735933653789648,0.07654374838202677,0.012422199506118559,0.44303797368354436,0.1261819651692614,79.0,0.5569620253164557,0,0.28761087236109145
Gene_190,0.3390509604477279,0.53993022256616,0.4329643347777468,0.01212106281063352,0.5555555545555555,0.47108745588721523,81.0,0.4444444444444444,0,0.672422976071167
Gene_191,0.458078404874967,0.7729271671107272,0.6505060979410642,0.0327838995179941,0.3103448265862069,0.6640732863573293,29.0,0.6896551724137931,0,0.8482687964418439
Gene_192,0.5141207156735347,0.39351883883606614,0.45210999695594345,0.013244838192804309,0.2972972962972973,0.47200623425713595,74.0,0.7027027027027027,0,0.672422976071167
Gene_193,0.06914906370878059,0.764758031985671,0.1679007759423951,0.0327838995179941,0.5862068955517241,0.22770267672498268,29.0,0.41379310344827586,0,0.40643155842905176
Gene_194,0.26095264919429484,0.24360936436502273,0.2520480137560115,0.03076676552365587,0.19354838609677427,0.2705436812166735,31.0,0.8064516129032258,0,0.4619038459796864
Gene_195,0.006002813877040545,0.12183329199846882,0.01146477492820347,0.021977127515399486,0.5454545444545454,0.0771840563283328,44.0,0.45454545454545453,0,0.23430607656543911
Gene_196,0.7015086653340645,0.24613625210155066,0.4540449518165344,0.012422199506118559,0.2784810116582279,0.47261729175287737,79.0,0.7215189873417721,0,0.672422976071167
Gene_197,0.34583976254539767,0.3111540627417131,0.3279309353762596,0.03635955569871374,0.2692307682307693,0.3508262687219257,26.0,0.7307692307692307,0,0.5506241885770135
Gene_198,0.3667629462203962,0.06516188971820344,0.11562967517354694,0.027395522883651657,0.39999999900000005,0.15923269334287649,35.0,0.6,0,0.3183664821166526
Gene_199,0.07736965911568641,0.30925171624346937,0.12767730750481537,0.03076676552365587,0.22580645061290328,0.15262000390640507,31.0,0.7741935483870968,0,0.3142176551014222
Gene_200,0.11830814622887252,0.9384385414102052,0.7877145368071677,0.015999655922869782,0.5737704908032787,0.8024890448049347,61.0,0.4262295081967213,0,0.9477577149524724
Gene_201,0.034822423943257616,0.8309759137515313,0.0840043971851922,0.012578449454450746,0.5512820502820512,0.14513900889732423,78.0,0.44871794871794873,0,0.30787062493371803
Gene_202,0.7990959819366967,0.6823168684675598,0.7510367264891515,0.018017526141772544,0.2777777767777778,0.7595523111869575,54.0,0.7222222222222222,0,0.9150216716676768
Gene_203,0.9321557755452851,0.7397155924156574,0.8900489600135529,0.01156056413789841,0.3176470578235294,0.8943011671792799,85.0,0.6823529411764706,0,0.9966666666666659
Gene_204,0.005420769413417731,0.5328623676014692,0.010857540921762943,0.02061781866875989,0.574468084106383,0.0799946376454147,47.0,0.425531914893617,0,0.23430607656543911
Gene_205,0.00022538520075333728,0.3618804408683015,0.0004506223280111854,0.03076676552365587,0.3870967731935484,0.04834752195072012,31.0,0.6129032258064516,0,0.2038750925632776
Gene_206,0.3054492851130489,0.12284633086244628,0.17952626158375412,0.031743322856089495,0.26666666566666675,0.20704197795301027,30.000000000000004,0.7333333333333333,0,0.37546472685779064
Gene_207,0.7983722621964695,0.4509249329633114,0.6727544105531293,0.011299314123332849,0.367816090954023,0.6873750759751557,87.0,0.632183908045977,0,0.8654002755082896
Gene_208,0.00048332713585950407,0.15294240060040465,0.0009638442137582248,0.01156056413789841,0.5058823519411764,0.06215363061988144,85.0,0.49411764705882355,0,0.22898706017851056
Gene_209,0.45326677692021555,0.00264424665842882,0.005281641134776027,0.013605230870246343,0.24999999900000003,0.035779560368224606,72.0,0.75,0,0.1647742911694554
Gene_210,0.005339800172945157,0.8407028283502098,0.011014229343639381,0.013792883256083743,0.6197183088591549,0.08519266698510575,71.00000000000001,0.38028169014084506,0,0.2373873349059709
Gene_211,0.3132096634460799,0.9222898307556152,0.8286558981026455,0.03773128563674277,0.23999999900000002,0.8339045502314286,25.0,0.76,0,0.9516250189695785
Gene_212,0.2264683099403028,0.3049457602243853,0.2612807777487878,0.013792883256083743,0.43661971730985916,0.3004682640193298,71.00000000000001,0.5633802816901409,0,0.49372719439795976
Gene_213,0.11081525172670982,0.0311005334808677,0.048745859398570124,0.02020132614629566,0.31249999900000003,0.08534268819831192,48.0,0.6875,0,0.2373873349059709
Gene_214,0.3208650127116232,0.06299749402306978,0.10887534247740654,0.011834180588984777,0.25301204719277115,0.1364424526714697,83.0,0.7469879518072289,0,0.29854460148357453
Gene_215,0.9980538157904727,0.5111519669261212,0.9961086109104607,0.0116957723226081,0.4761904751904762,0.9950845372418101,84.0,0.5238095238095238,0,0.9966666666666659
Gene_216,0.004329718748909295,0.10504071706128798,0.008327280573804052,0.028983448207562823,0.4242424232424242,0.06017638012931137,33.0,0.5757575757575758,0,0.22898706017851056
Gene_217,0.691121463404425,0.5470756312083515,0.625721370158653,0.02984849630336983,0.31249999900000003,0.6402944545960085,32.0,0.6875,0,0.8315662189699004
Gene_218,0.9662777044694184,0.7769377516046343,0.9405802208556018,0.023528313347756735,0.3658536575365854,0.943255727554288,41.0,0.6341463414634146,0,0.9966666666666659
Gene_219,0.7847019307965645,0.44668149105912147,0.6572016158895264,0.016259801418797126,0.2999999990000001,0.669811016458443,60.00000000000001,0.7,0,0.8493980281175907
Gene_220,0.10087227332864866,0.2941935661955582,0.15407555100909692,0.018017526141772544,0.3703703693703704,0.1924003964545702,54.0,0.6296296296296297,0,0.35629703047142625
Gene_221,0.9341302017943979,0.6336893518055845,0.8833256720320305,0.011975903904541174,0.29268292582926836,0.8874909123395438,82.0,0.7073170731707317,0,0.9966666666666659
Gene_222,0.03443865388487178,0.6376600669127201,0.07156652654264267,0.03773128563674277,0.599999999,0.1400391743905629,25.0,0.4,0,0.3025537718314631
Gene_223,0.8723877173391967,0.1594119756019747,0.5827961201256922,0.011975903904541174,0.34146341363414634,0.6001308866111522,82.0,0.6585365853658537,0,0.8017015660836003
Gene_224,0.10403411573965972,0.9345432647187858,0.7371085248035932,0.011834180588984777,0.7228915652650603,0.7600556297129657,83.0,0.27710843373493976,0,0.9150216716676768
Gene_225,0.044253341854497835,0.8273566954341086,0.11125575596361409,0.013605230870246343,0.6527777767777778,0.18143127485284327,72.0,0.3472222222222222,0,0.3474209689251012
Gene_226,0.1292334718512064,0.01701006763155834,0.03019344082872155,0.01652854617838251,0.3728813549322034,0.07435378691701267,59.0,0.6271186440677966,0,0.23430607656543911
Gene_227,0.0975798366323472,0.6020553858636616,0.19598154629082581,0.028167124967018897,0.6176470578235294,0.2566219198847909,34.0,0.38235294117647056,0,0.44464194039443966
Gene_228,0.4687889213790736,0.7711789675311134,0.6531882537191641,0.014814541837353312,0.3787878777878788,0.6691976398713069,66.0,0.6212121212121212,0,0.8493980281175907
Gene_229,0.17315824363856042,0.7781543105584554,0.4282477261235941,0.012903045621989184,0.5921052621578947,0.4692148880176976,76.0,0.40789473684210525,0,0.672422976071167
Gene_230,0.00017963228796007285,0.12763844971465,0.0003587868801881444,0.01652854617838251,0.440677965101695,0.054003613436705344,59.0,0.559322033898305,0,0.22082421728076498
Gene_231,0.016583609830712998,0.2492302717005711,0.03144171063947104,0.019047037639797315,0.5098039205686274,0.09156066685027198,51.00000000000001,0.49019607843137253,0,0.24316598932350983
Gene_232,0.37181023866457064,0.7109669515119925,0.5558486975930802,0.028983448207562823,0.3333333323333334,0.5742326553770785,33.0,0.6666666666666666,0,0.7759900748338898
Gene_233,0.048392651528908114,0.7132563071011437,0.10681351168385234,0.013985784402998025,0.5857142847142857,0.17017245742754739,70.0,0.4142857142857143,0,0.33273944189743904
Gene_234,0.8888778436873983,0.6106789456412907,0.8180679448239836,0.012738680131672453,0.3636363626363637,0.8261176203061158,77.0,0.6363636363636364,0,0.9480038265807886
Gene_235,0.3256284911849571,0.07002916652173373,0.11934595904489659,0.015999655922869782,0.2950819662131148,0.15120933572643158,61.0,0.7049180327868853,0,0.3142176551014222
Gene_236,0.9697943601917546,0.889020792149483,0.9523396767649741,0.012578449454450746,0.6025641015641026,0.9558136919977124,78.0,0.3974358974358974,0,0.9966666666666659
Gene_237,0.11825844680329446,0.6067910785442785,0.2335650269272384,0.018017526141772544,0.46296296196296294,0.2767968516082142,54.0,0.5370370370370371,0,0.46794719865930795
Gene_238,0.2355801867204188,0.9251704859876723,0.8166879241388099,0.01156056413789841,0.41176470488235295,0.8258464211791591,85.0,0.5882352941176471,0,0.9480038265807886
Gene_239,0.999999999999999,0.21089671038606686,0.999999999999998,0.011975903904541174,0.3292682916829268,0.996666666666666,82.0,0.6707317073170732,0,0.9966666666666659
Gene_240,0.2728938988539018,0.4074677912312794,0.33213489243482996,0.02061781866875989,0.5531914883617022,0.377112559243615,47.0,0.44680851063829785,0,0.584023874934802
Gene_241,0.16759867964794548,0.4424692682303365,0.2578983621414453,0.018348104315340175,0.3584905650377359,0.29047425472558885,53.0,0.6415094339622641,0,0.48644013949261294
Gene_242,0.861887416897439,0.32087384800274876,0.7076112820765561,0.013985784402998025,0.2714285704285715,0.7173326048673225,70.0,0.7285714285714285,0,0.8871604653836145
Gene_243,0.18972191337309352,0.12097988206615551,0.14830642862644028,0.011975903904541174,0.3292682916829268,0.18244855029375107,82.0,0.6707317073170732,0,0.3474209689251012
Gene_244,0.18679321938346893,0.47657684256559146,0.2874146443836988,0.02597254657969872,0.2702702692702703,0.3114208910980162,37.0,0.7297297297297297,0,0.506964241322352
Gene_245,0.05361575461825232,0.41515883168354045,0.10002606801663666,0.013071708065727106,0.42666666566666667,0.14666282670848674,75.0,0.5733333333333334,0,0.3092288514937973
Gene_246,0.25138995125990976,0.8242022842359075,0.5973390616342755,0.03635955569871374,0.4615384605384616,0.6203317683039264,26.0,0.5384615384615384,0,0.8165109689974485
Gene_247,0.12719157277142046,0.5893954875741105,0.24379773577924496,0.021051845775030165,0.36956521639130435,0.2780943352032459,46.0,0.6304347826086957,0,0.46794719865930795
Gene_248,0.06720908606403628,0.620773937546206,0.13952362939552093,0.017390862172057986,0.4107142847142857,0.18264416652062465,56.0,0.5892857142857143,0,0.3474209689251012
Gene_249,0.03896789593836486,0.6634624252411552,0.08228492792726522,0.01941685967589135,0.459999999,0.13378457619492146,50.0,0.54,0,0.29733519375034895
Gene_250,0.8968113647733648,0.11081642422324109,0.5349528831165169,0.011834180588984777,0.28915662550602417,0.5513550821401196,83.0,0.7108433734939759,0,0.7538057763634448
Gene_251,0.004657721728943345,0.861349884178982,0.009615624736848738,0.02298748163261033,0.5952380942380953,0.08141437911644511,42.0,0.40476190476190477,0,0.23430607656543911
Gene_252,0.019530348323203814,0.4461179150886041,0.03851435458359331,0.014184157647595397,0.5652173903043478,0.10436380651290367,69.0,0.43478260869565216,0,0.25905909418096656
Gene_253,0.06697530745963923,0.12190014249902811,0.08665030894188902,0.022470953747007916,0.1627906966744186,0.10549863423681949,43.0,0.8372093023255814,0,0.2600318449499072
Gene_254,0.98439063304941,0.6480373007792292,0.9695999104228107,0.015037308474767586,0.2461538451538462,0.9705200639181331,65.0,0.7538461538461538,0,0.9966666666666659
Gene_255,0.0018533465466989301,0.49560704719609694,0.0037062696285128927,0.021504538555042196,0.5777777767777778,0.07377960389364069,45.0,0.4222222222222222,0,0.23430607656543911
Gene_256,0.14461344112300806,0.8478045251497519,0.4812491267603302,0.01212106281063352,0.5925925915925926,0.5184301116153345,81.0,0.4074074074074074,0,0.7229105142046496
Gene_257,0.2864783976768442,0.0019514941965279233,0.0038839474895795423,0.021504538555042196,0.2444444434444445,0.034142984889755534,45.0,0.7555555555555555,0,0.1614870906947897
Gene_258,0.4165225534577394,0.7477917583408289,0.6096817171984271,0.024690087971667385,0.30769230669230774,0.6245575273977675,39.0,0.6923076923076923,0,0.8165109689974485
Gene_259,0.6644192320974283,0.2280311247712404,0.41007443047282094,0.015037308474767586,0.3846153836153846,0.43772483772756854,65.0,0.6153846153846154,0,0.6464290852516835
Gene_260,0.9989103657073041,0.8168237316694049,0.997832196020634,0.01156056413789841,0.34117646958823533,0.9958674606390084,85.0,0.6588235294117647,0,0.9966666666666659
Gene_261,0.8071518695026133,0.8088593859154888,0.8080089522367555,0.01212106281063352,0.2962962952962963,0.8149475202262318,81.0,0.7037037037037037,0,0.9480038265807886
Gene_262,0.25958198969966956,0.2737608944235206,0.26652922778613675,0.012738680131672453,0.3246753236753247,0.29555498198373853,77.0,0.6753246753246753,0,0.4925916366395642
Gene_263,0.9316215686439776,0.5026642360368022,0.8692411756086593,0.012269783764389475,0.412499999,0.8757899856786887,80.0,0.5875,0,0.9887951451211002
Gene_264,0.14752903749952698,0.5074757250701817,0.2518112551777937,0.013985784402998025,0.5571428561428571,0.30232123752985274,70.0,0.44285714285714284,0,0.49445062212826385
Gene_265,0.0387228358338645,0.8121412807497472,0.09251156526083548,0.011834180588984777,0.6024096375542168,0.15861129080511682,83.0,0.39759036144578314,0,0.3183664821166526
Gene_266,0.9165329506594329,0.9302548358619203,0.9239966446957109,0.012269783764389475,0.449999999,0.9281449352389909,80.0,0.55,0,0.9966666666666659
Gene_267,0.009568206029105812,0.8850903313058722,0.020769102904389047,0.015037308474767586,0.6461538451538461,0.09737632221113424,65.0,0.35384615384615387,0,0.24696893314418103
Gene_268,0.09768745166123238,0.5123681244566403,0.1816058060593294,0.014388239179285889,0.30882352841176475,0.2125014756940109,68.0,0.6911764705882353,0,0.38337895099434954
Gene_269,0.08842157506029687,0.29178241750044265,0.13932872244229383,0.018691039471916415,0.48076922976923075,0.18974077219843677,52.0,0.5192307692307693,0,0.35629703047142625
Gene_270,0.999999999999999,0.08174075566192714,0.999999999999998,0.019047037639797315,0.2745098029215687,0.996666666666666,51.00000000000001,0.7254901960784313,0,0.9966666666666659
Gene_271,0.2412504333488409,0.10971068298521995,0.15277344848954372,0.011975903904541174,0.35365853558536586,0.18921470189821488,82.0,0.6463414634146342,0,0.35629703047142625
Gene_272,0.23460060983702336,0.3816208855223978,0.2960032033330764,0.01652854617838251,0.4915254227288136,0.3380745678136188,59.0,0.5084745762711864,0,0.5355006654494628
Gene_273,0.23605224158010985,0.005859746469765086,0.01148488916445578,0.013792883256083743,0.295774646887324,0.04722774139296093,71.00000000000001,0.704225352112676,0,0.2015818230187357
Gene_274,0.9872719200864095,0.5501533510444294,0.9747442681662233,0.014598278978346202,0.2835820885522389,0.9756215241352852,67.0,0.7164179104477612,0,0.9966666666666659
Gene_275,0.06788472191849494,0.4201528887942549,0.12394821954511465,0.013244838192804309,0.32432432332432437,0.15860078672628575,74.0,0.6756756756756757,0,0.3183664821166526
Gene_276,0.0007549411397619064,0.0017153491044066141,0.0010484504360984692,0.014184157647595397,0.4927536221884058,0.06078346227899012,69.0,0.5072463768115942,0,0.22898706017851056
Gene_277,0.06020095376807904,0.000245388521948072,0.0004888081093998298,0.014814541837353312,0.34848484748484854,0.042995953040840806,66.0,0.6515151515151515,0,0.18810729455367853
Gene_278,0.2673854895620654,0.603803235486077,0.4133729342089182,0.017390862172057986,0.3214285704285714,0.43649040043704124,56.0,0.6785714285714286,0,0.6464290852516835
Gene_279,0.5553190216498041,0.17019897394568262,0.2938535724848274,0.013985784402998025,0.37142857042857147,0.32579931864223455,70.0,0.6285714285714286,0,0.5206838425789136
Gene_280,0.0002578555899584016,0.5401202994731988,0.0005157637833319018,0.014184157647595397,0.4927536221884058,0.06028262906648851,69.0,0.5072463768115942,0,0.22898706017851056
Gene_281,0.5518051982297243,0.7047504069465255,0.6364202059393503,0.028983448207562823,0.3636363626363637,0.6527894042515786,33.0,0.6363636363636364,0,0.8399863657648989
Gene_282,0.8108513007564405,0.7451317618112727,0.7820684038490939,0.025315086291847866,0.31578947268421054,0.7905922589848161,38.0,0.6842105263157895,0,0.9419011731614971
Gene_283,0.3002101200972843,0.3305260546962474,0.31489441550477293,0.016806323737281748,0.27586206796551727,0.3381304201838037,58.0,0.7241379310344828,0,0.5355006654494628
Gene_284,0.37047386003830174,0.5076360400928421,0.4360998322668879,0.021504538555042196,0.2444444434444445,0.453229439025457,45.0,0.7555555555555555,0,0.6609595985787915
Gene_285,0.5000157619667068,0.11670214605759813,0.20846781645476903,0.02597254657969872,0.24324324224324323,0.23256990061705585,37.0,0.7567567567567568,0,0.40904253877371627
Gene_286,0.05432510765327853,0.13177487804752774,0.07725266010254406,0.03389500347440355,0.42857142757142863,0.12619163833885472,28.0,0.5714285714285714,0,0.28761087236109145
Gene_287,0.8896608552425707,0.569767180482218,0.8123965829285982,0.031743322856089495,0.2999999990000001,0.8194373444320355,30.000000000000004,0.7,0,0.9480038265807886
Gene_288,0.8093388518177814,0.782754683766561,0.7967919819619695,0.028167124967018897,0.2941176460588235,0.8042401181168123,34.0,0.7058823529411765,0,0.9477577149524724
Gene_289,0.010404536733707703,0.10781363351511493,0.01902574280740854,0.019801326693244747,0.4489795908367348,0.07279713539698796,49.0,0.5510204081632653,0,0.23430607656543911
Gene_290,0.0003461079921665939,0.28685401817486916,0.0006916198448266297,0.017093597271033878,0.4035087709298246,0.049891916269364955,57.0,0.5964912280701754,0,0.20788298445568731
Gene_291,0.4818481752970148,0.7663921804634217,0.6540856271834736,0.03389500347440355,0.42857142757142863,0.6724315982103599,28.0,0.5714285714285714,0,0.8496428136231984
Gene_292,0.999999999999999,0.003807755740707524,0.999999999999998,0.012578449454450746,0.3333333323333334,0.996666666666666,78.0,0.6666666666666666,0,0.9966666666666659
Gene_293,0.8953381468366591,0.8138732042144925,0.8653248909590394,0.019047037639797315,0.35294117547058823,0.871151603900101,51.00000000000001,0.6470588235294118,0,0.986741298915972
Gene_294,0.1532968848733492,0.7225898211190632,0.34334605665184537,0.012269783764389475,0.27499999900000005,0.36540519274510685,80.0,0.725,0,0.5684080776034995
Gene_295,0.7522750411351328,0.5857178195295519,0.68238859623341,0.014814541837353312,0.4242424232424242,0.6987811903505331,66.0,0.5757575757575758,0,0.8766072280383032
Gene_296,0.43036698371436544,0.44768637920216253,0.43898097083643806,0.018017526141772544,0.38888888788888887,0.465643681806286,54.0,0.6111111111111112,0,0.672422976071167
Gene_297,0.48490066954138045,0.6867919896965242,0.5953218281638917,0.03508405562762995,0.3333333323333334,0.6121904470604751,27.0,0.6666666666666666,0,0.8116161229968419
Gene_298,0.9775971413470917,0.8162712731074344,0.9597206567589414,0.011299314123332849,0.3448275852068966,0.9614092030000587,87.0,0.6551724137931034,0,0.9966666666666659
Gene_299,0.510709120674388,0.8493327770000245,0.7488930977400218,0.024095205457607793,0.349999999,0.7597294052328895,40.0,0.65,0,0.9150216716676768
Gene_300,0.1531329628913787,0.0029905124902951464,0.005874781396222939,0.01156056413789841,0.34117646958823533,0.04712654357604262,85.0,0.6588235294117647,0,0.2015818230187357
Gene_301,0.04137220755839191,0.7396182262956388,0.09216041510538447,0.012269783764389475,0.549999999,0.15259801868470768,80.0,0.45,0,0.3142176551014222
Gene_302,0.1899816203849678,0.003770016420990213,0.007409864320827797,0.021504538555042196,0.2444444434444445,0.03756179487436906,45.0,0.7555555555555555,0,0.16935900059191322
Gene_303,0.07085577774805563,0.20684302566279716,0.10682808561287688,0.023528313347756735,0.5365853648536585,0.16532272685657545,41.0,0.4634146341463415,0,0.3250727775269742
Gene_304,0.796787007874483,0.6889525606296174,0.7517698199371518,0.0116957723226081,0.2976190466190477,0.7607751613008398,84.0,0.7023809523809523,0,0.9150216716676768
Gene_305,0.9959702357225759,0.5637700146942878,0.99196241771909,0.011428446322702124,0.4302325571395349,0.9922773983938202,86.0,0.5697674418604651,0,0.9966666666666659
Gene_306,0.27324124175920134,0.15618267441996264,0.2009530547170913,0.023528313347756735,0.29268292582926836,0.22992413876843498,41.0,0.7073170731707317,0,0.40643155842905176
Gene_307,0.00031797451406922187,0.7612828578106677,0.0006366311140924008,0.026665065180747294,0.5277777767777778,0.0651776632092923,36.0,0.4722222222222222,0,0.23430607656543911
Gene_308,0.00406990792175912,0.8503641403153797,0.00834849457702258,0.03389500347440355,0.5714285704285714,0.07791281514126991,28.0,0.42857142857142855,0,0.23430607656543911
Gene_309,0.9781647645223146,0.7979575466466249,0.9602021781350467,0.013071708065727106,0.30666666566666667,0.9616917920354212,75.0,0.6933333333333334,0,0.9966666666666659
Gene_310,0.9740151775057381,0.9223942372411439,0.9610019713113298,0.012269783764389475,0.43749999900000003,0.9630720366261499,80.0,0.5625,0,0.9966666666666659
Gene_311,0.2077951978263125,0.024678151849343646,0.04460018683699701,0.014184157647595397,0.2608695642173914,0.07516472075644409,69.0,0.7391304347826086,0,0.23430607656543911
Gene_312,0.44423247550306044,0.4076917539913799,0.42571315171157154,0.031743322856089495,0.2999999990000001,0.4472661532319042,30.000000000000004,0.7,0,0.6549922746073912
Gene_313,0.9501167116551456,0.8204879862165422,0.9211680234608294,0.025315086291847866,0.47368420952631585,0.9257431090602726,38.0,0.5263157894736842,0,0.9966666666666659
Gene_314,0.20909805271108148,0.0024309251505373495,0.0048138995044196276,0.02020132614629566,0.18749999900000003,0.02818817350702052,48.0,0.8125,0,0.1370258434369053
Gene_315,0.8043423231182177,0.06302878033397676,0.1626455847695576,0.011834180588984777,0.28915662550602417,0.1921790519673413,83.0,0.7108433734939759,0,0.35629703047142625
Gene_316,0.01145609268905237,0.20669688136929235,0.021849805597772554,0.011975903904541174,0.5365853648536585,0.08538113259272251,82.0,0.4634146341463415,0,0.2373873349059709
Gene_317,0.3799317334910405,0.7861481338083897,0.6294391125280181,0.014184157647595397,0.31884057871014493,0.64386984383098,69.0,0.6811594202898551,0,0.8315662189699004
Gene_318,0.11310260499288735,0.2374769794098667,0.15501726668403804,0.013605230870246343,0.38888888788888887,0.19499777896380177,72.0,0.6111111111111112,0,0.3581999208717083
Gene_319,0.999999999999999,0.14561828688000827,0.999999999999998,0.012422199506118559,0.29113923950632914,0.996666666666666,79.0,0.7088607594936709,0,0.9966666666666659
Gene_320,0.7828017451058192,0.2358702712335192,0.5218845027951631,0.02020132614629566,0.31249999900000003,0.5402786524244578,48.0,0.6875,0,0.7415589347002363
Gene_321,0.004137169860429697,0.026475451828182974,0.007157470871474114,0.026665065180747294,0.24999999900000003,0.03822674584788899,36.0,0.75,0,0.16935900059191322
Gene_322,0.0023774134916872565,0.856112619748467,0.004828827621361276,0.011049610706077684,0.5280898866404494,0.06840857805321043,88.99999999999999,0.47191011235955055,0,0.23430607656543911
Gene_323,0.052486807843108524,0.7209141117037449,0.11734065520377118,0.012738680131672453,0.38961038861038966,0.1591437565204059,77.0,0.6103896103896104,0,0.3183664821166526
Gene_324,0.025188382879462894,0.8423148471001234,0.05849764296569626,0.013605230870246343,0.5972222212222222,0.12656654609119367,72.0,0.4027777777777778,0,0.28761087236109145
Gene_325,0.007123971970786875,0.47561065175050055,0.014216416262660458,0.02020132614629566,0.5208333323333333,0.07676136523829191,48.0,0.4791666666666667,0,0.23430607656543911
Gene_326,0.5101056836631424,0.5048704719092533,0.5074885842848685,0.026665065180747294,0.3055555545555556,0.5261799016956785,36.0,0.6944444444444444,0,0.7308054190217758
Gene_327,0.010184194962366182,0.8677310134573217,0.021934126427492928,0.015266876750508418,0.5468749989999999,0.08681730415912403,64.0,0.453125,0,0.23739106606010477
Gene_328,0.7335209534594405,0.835454473310201,0.7948127779123555,0.017390862172057986,0.3571428561428571,0.8037772885778101,56.0,0.6428571428571429,0,0.9477577149524724
Gene_329,0.4077847922750574,0.6189427413272026,0.5149498714764902,0.025315086291847866,0.3947368411052632,0.5385108023854082,38.0,0.6052631578947368,0,0.7415589347002363
Gene_330,0.03960028971340596,0.5357363742800402,0.0790819377410319,0.01652854617838251,0.4067796600169492,0.12475914730413995,59.0,0.5932203389830508,0,0.28761087236109145
Gene_331,0.02313357404553581,0.13756168228812654,0.03982117208287045,0.021504538555042196,0.4666666656666667,0.09456578149501704,45.0,0.5333333333333333,0,0.24411523936217688
Gene_332,0.44815555792798467,0.6272045318156589,0.5408397771301373,0.01941685967589135,0.359999999,0.5611020138127094,50.0,0.64,0,0.7611849024591019
Gene_333,0.3335844146535901,0.8765342731757237,0.7394146465697069,0.013071708065727106,0.30666666566666667,0.7491682347439783,75.0,0.6933333333333334,0,0.9136197984682662
Gene_334,0.18357130621788267,0.03364930495460578,0.05744480986103517,0.0327838995179941,0.24137930934482765,0.08624668744794262,29.0,0.7586206896551724,0,0.23739106606010477
Gene_335,0.8606980071049172,0.8103586936530679,0.8390456106624895,0.016259801418797126,0.2999999990000001,0.844966112224212,60.00000000000001,0.7,0,0.9601887638911499
Gene_336,0.3539202683678332,0.13188308544286517,0.19916688154847645,0.01574770346128951,0.3548387086774194,0.2338705865990166,62.0,0.6451612903225806,0,0.4092735265482791
Gene_337,0.06030453885655048,0.8804607337947468,0.20414874623142676,0.01212106281063352,0.5679012335679012,0.25883399366309423,81.0,0.43209876543209874,0,0.44616500332382053
Gene_338,0.29314501730254977,0.027955861116076806,0.052070575278910625,0.03635955569871374,0.3461538451538462,0.09309783591242948,26.0,0.6538461538461539,0,0.24316598932350983
Gene_339,3.4537641222377914e-05,0.7037689876582132,6.908086421014703e-05,0.01212106281063352,0.6049382706049382,0.07321867792219938,81.0,0.3950617283950617,0,0.23430607656543911
Gene_340,0.9678216484511949,0.8919719716747081,0.9502456175871337,0.018348104315340175,0.30188679145283026,0.9520920318689737,53.0,0.6981132075471698,0,0.9966666666666659
Gene_341,0.9453091939291584,0.3862357427525952,0.8868888312070171,0.011299314123332849,0.41379310244827594,0.8925661165524159,87.0,0.5862068965517241,0,0.9966666666666659
Gene_342,0.9457489047876326,0.7533413519436352,0.9093462267636689,0.011428446322702124,0.3837209292325582,0.9135699330828327,86.0,0.6162790697674418,0,0.9966666666666659
Gene_343,0.5745155283474762,0.6347817483126583,0.6056276186299483,0.02298748163261033,0.4047619037619048,0.6252141134037605,42.0,0.5952380952380952,0,0.8165109689974485
Gene_344,0.0009731524105613394,0.13939799219635665,0.00193366201171985,0.015999655922869782,0.4918032776885246,0.061587252669201176,61.0,0.5081967213114754,0,0.22898706017851056
Gene_345,0.014875369509635812,0.31163420455654645,0.028786374979492324,0.03635955569871374,0.42307692207692316,0.07977014788472059,26.0,0.5769230769230769,0,0.23430607656543911
Gene_346,0.19525971034254072,0.012432601461682893,0.023526663425207928,0.028983448207562823,0.4848484838484849,0.08167240383138163,33.0,0.5151515151515151,0,0.23430607656543911
Gene_347,0.04048968179562591,0.4797186873175457,0.07909110505159916,0.018017526141772544,0.38888888788888887,0.12285776254302039,54.0,0.6111111111111112,0,0.28761087236109145
Gene_348,0.3125550771534924,0.04977956427552509,0.088464341404841,0.02597254657969872,0.32432432332432437,0.1250779987215106,37.0,0.6756756756756757,0,0.28761087236109145
Gene_349,0.3020191125330033,0.10658484650470579,0.1617573685167601,0.0111730674675794,0.34090908990909097,0.1964982423067657,88.0,0.6590909090909091,0,0.3581999208717083
