method,k,mean,ci_lo,ci_hi
LOCAT,50,0.9366627,0.922857366502285,0.9493595123291015
LOCAT,100,0.9150335,0.9012920618057251,0.9277939409017563
LOCAT,200,0.868185,0.8559301674365998,0.8793287605047226
GSPA,50,0.72224563,0.7088664323091507,0.7355612799525261
GSPA,100,0.7127741,0.7004181161522866,0.7252572491765022
GSPA,200,0.69277805,0.6803952664136886,0.7050988510251045
LMD,50,0.74910057,0.7371841356158256,0.7612531200051308
LMD,100,0.7226928,0.7110864296555519,0.7341010063886642
LMD,200,0.716457,0.7053850710391998,0.7277236267924309
Hotspot,50,0.51239395,0.5066678032279015,0.51819656342268
Hotspot,100,0.5386562,0.5336404383182526,0.5435736820101738
Hotspot,200,0.5291611,0.5244528025388717,0.5338430300354957
Haystack,50,0.7051196,0.6997133672237397,0.70999735891819
Haystack,100,0.6811039,0.6760361090302467,0.6859155148267746
Haystack,200,0.6735708,0.667944623529911,0.6790452107787133
